step,score
8614,-162.82462216164137
18105,-103.3063130295209
28993,-69.08235233011912
45584,-28.2889474022805
