step,score
8990,-155.82574421123365
18212,-141.6297698171572
27546,-85.3494313707534
